rsID	source_set	CHR	BP	build	AMD_beta	AMD_SE	AMD_EAF	AMD_MAF	POAG_beta	POAG_SE	POAG_EAF	AMD_beta_raw	POAG_beta_raw	AMD_effect_allele	POAG_effect_allele	AMD_raw_effect_allele	POAG_raw_effect_allele	LD_allele_1	LD_allele_2	LD_block	strand_status	direction_product	direction_status	source
rs1033667	JOINT_DISCOVERY_CANDIDATE_AND_CURRENT_CS	22	29130300	GRCh37	0.088668	0.0204407	0.271914		-0.0633	0.0144		0.088668	-0.0633	T	T	T	T	T	C	chr22.12	EXACT/EXACT	-0.0056126844	OPPOSITE	JOINT_DISCOVERY_CANDIDATE_AND_CURRENT_CS
rs1125250	CURRENT_SUSIE_CREDIBLE_SET	22	28984447	GRCh37	0.074346	0.0210462	0.23861		-0.0541	0.015		0.074346	-0.0541	T	T	T	T	T	G	chr22.12	EXACT/EXACT	-0.0040221186	OPPOSITE	CURRENT_SUSIE_CREDIBLE_SET
rs1303845	CURRENT_SUSIE_CREDIBLE_SET	22	28722535	GRCh37	0.0792579	0.0214226	0.236467		-0.0529	0.015		0.0792579	0.0529	C	C	C	T	C	T	chr22.12	EXACT/SWAPPED	-0.00419274291	OPPOSITE	CURRENT_SUSIE_CREDIBLE_SET
rs134507	CURRENT_SUSIE_CREDIBLE_SET	22	28753833	GRCh37	0.0756749	0.0211092	0.243274		-0.0491	0.0149		0.0756749	-0.0491	A	A	A	A	A	G	chr22.12	EXACT/EXACT	-0.00371563759	OPPOSITE	CURRENT_SUSIE_CREDIBLE_SET
rs134529	CURRENT_SUSIE_CREDIBLE_SET	22	28781758	GRCh37	0.0744315	0.0187762	0.358318		-0.0556	0.0134		0.0744315	0.0556	C	C	C	T	C	T	chr22.12	EXACT/SWAPPED	-0.0041383914	OPPOSITE	CURRENT_SUSIE_CREDIBLE_SET
rs134545	CURRENT_SUSIE_CREDIBLE_SET	22	28799080	GRCh37	0.0732871	0.0189835	0.349074		-0.0532	0.0134		0.0732871	0.0532	C	C	C	T	C	T	chr22.12	EXACT/SWAPPED	-0.00389887372	OPPOSITE	CURRENT_SUSIE_CREDIBLE_SET
rs1547014	JOINT_DISCOVERY_CANDIDATE_AND_CURRENT_CS	22	29100711	GRCh37	0.0858151	0.019623	0.700156		-0.0673	0.014		-0.0858151	-0.0673	T	T	C	T	T	C	chr22.12	SWAPPED/EXACT	-0.00577535623	OPPOSITE	JOINT_DISCOVERY_CANDIDATE_AND_CURRENT_CS
rs2346397	CURRENT_SUSIE_CREDIBLE_SET	22	28886805	GRCh37	0.0766053	0.0194727	0.685704		-0.0589	0.0138		-0.0766053	0.0589	C	C	T	T	C	T	chr22.12	SWAPPED/SWAPPED	-0.00451205217	OPPOSITE	CURRENT_SUSIE_CREDIBLE_SET
rs5762528	CURRENT_SUSIE_CREDIBLE_SET	22	28623364	GRCh37	-0.071046	0.0181221	0.492841		0.0467	0.0129		-0.071046	0.0467	A	A	A	A	A	C	chr22.12	EXACT/EXACT	-0.0033178482	OPPOSITE	CURRENT_SUSIE_CREDIBLE_SET
rs5762730	CURRENT_SUSIE_CREDIBLE_SET	22	29039615	GRCh37	0.0733926	0.018814	0.646254		-0.0574	0.0135		-0.0733926	0.0574	G	G	T	T	G	T	chr22.12	SWAPPED/SWAPPED	-0.00421273524	OPPOSITE	CURRENT_SUSIE_CREDIBLE_SET
rs695318	CURRENT_SUSIE_CREDIBLE_SET	22	28882973	GRCh37	0.0454691	0.0181517	0.571346		-0.0569	0.013		-0.0454691	0.0569	G	G	A	A	G	A	chr22.12	SWAPPED/SWAPPED	-0.00258719179	OPPOSITE	CURRENT_SUSIE_CREDIBLE_SET
rs695388	CURRENT_SUSIE_CREDIBLE_SET	22	28833502	GRCh37	0.0441468	0.0181085	0.519784		-0.0546	0.0129		-0.0441468	0.0546	C	C	A	A	C	A	chr22.12	SWAPPED/SWAPPED	-0.00241041528	OPPOSITE	CURRENT_SUSIE_CREDIBLE_SET
rs695567	CURRENT_SUSIE_CREDIBLE_SET	22	28889735	GRCh37	0.0471541	0.0181861	0.556376		-0.0597	0.013		-0.0471541	0.0597	C	C	A	A	C	A	chr22.12	SWAPPED/SWAPPED	-0.00281509977	OPPOSITE	CURRENT_SUSIE_CREDIBLE_SET
rs695591	CURRENT_SUSIE_CREDIBLE_SET	22	28811329	GRCh37	0.0781409	0.0209436	0.757948		-0.0519	0.0149		-0.0781409	0.0519	C	C	T	T	C	T	chr22.12	SWAPPED/SWAPPED	-0.00405551271	OPPOSITE	CURRENT_SUSIE_CREDIBLE_SET
rs695625	CURRENT_SUSIE_CREDIBLE_SET	22	28814890	GRCh37	0.0751985	0.0211248	0.756212		-0.051	0.015		-0.0751985	-0.051	A	A	G	A	A	G	chr22.12	SWAPPED/EXACT	-0.0038351235	OPPOSITE	CURRENT_SUSIE_CREDIBLE_SET
rs738722	JOINT_DISCOVERY_CANDIDATE_AND_CURRENT_CS	22	29130012	GRCh37	0.0876765	0.0203681	0.723109		-0.0612	0.0144		-0.0876765	-0.0612	T	T	C	T	T	C	chr22.12	SWAPPED/EXACT	-0.0053658018	OPPOSITE	JOINT_DISCOVERY_CANDIDATE_AND_CURRENT_CS
rs9625533	CURRENT_SUSIE_CREDIBLE_SET	22	29088590	GRCh37	0.071789	0.0189334	0.642163		-0.0589	0.0135		-0.071789	0.0589	C	C	T	T	C	T	chr22.12	SWAPPED/SWAPPED	-0.0042283721	OPPOSITE	CURRENT_SUSIE_CREDIBLE_SET
