locus_id	block	status	n_common	n_cs_AMD	n_cs_POAG	AMD_converged	POAG_converged	min_eigenvalue	max_abs_z_AMD	max_abs_z_POAG	coloc_susie_pp4	coloc_abf_pp4	coloc_susie_n_pairs	cs_overlap_max
AMD_POAG_L001	chr2.204	PASS	411	0	1	TRUE	TRUE	-7.76884039372564e-15	4.98508485702701	5.08219178082192		0.967984292985653	0	0
AMD_POAG_L002	chr6.43	PASS	178	1	1	TRUE	TRUE	4.413224498027e-17	4.95968948543921	5.47297297297297	0.152182663901964	0.972198621369913	1	0
AMD_POAG_L002	chr6.44	PASS	191	0	1	TRUE	TRUE	5.17042579391519e-11	3.78724147823592	7.05485232067511		0.0182900002440123	0	0
AMD_POAG_L003	chr9.28	PASS	78	0	0	TRUE	TRUE	8.10958456578695e-07	2.98359883317716	2.14814814814815		9.84194752920322e-05	0	0
AMD_POAG_L003	chr9.29	PASS	377	1	3	TRUE	TRUE	-4.19468730283499e-15	4.95316939302626	19.5681818181818	0.765582085231372	0.738734991074983	3	0
AMD_POAG_L004	chr14.39	PASS	200	0	1	TRUE	TRUE	-4.29815948185849e-15	4.19206184115015	13.0534351145038		0.979770343476565	0	0
AMD_POAG_L005	chr19.44	PASS	78	0	0	TRUE	TRUE	4.76455095346103e-07	2.5070750943743	1.79497907949791		2.72291450097434e-05	0	0
AMD_POAG_L005	chr19.45	PASS	255	2	0	TRUE	TRUE	-4.68857961047166e-15	11.3093526286246	4.0427807486631		0.825358237228242	0	0
AMD_POAG_L005	chr19.46	ERROR: fewer than 50 common SNPs after allele harmonization												
AMD_POAG_L006	chr22.12	PASS	181	1	1	TRUE	TRUE	1.04097321195692e-16	4.37318962442032	4.80714285714286	0.981761197891504	0.96691515764838	1	7
AMD_POAG_L006	chr22.13	PASS	61	0	0	TRUE	TRUE	2.51263369411177e-06	2.7524424967013	2.42105263157895		8.45556458436365e-05	0	0
