chr_num	piece_num	rg_num	lo	hi	p_num	q_bh
1	1	0.697169716971697	-0.48034803480348	1.0	0.260018004341334	0.8641546262409595
1	2	-0.303730373037304	-1.0	1.0	0.731183369560134	0.9396663448855126
1	10	0.267326732673267	-0.437743774377438	0.805380538053805	0.46714292662212	0.8907899279023804
1	12	-1.0	-1.0	1.0	0.624495141364094	0.9287963589674771
1	13	-0.457545754575458	-1.0	1.0	0.74170169496445	0.9396663448855126
1	15	-0.113311331133113	-0.934593459345935	0.836583658365836	0.819451489415051	0.9505637277214591
1	22	-0.256725672567257	-1.0	1.0	0.740719092053442	0.9396663448855126
1	23	-0.523552355235524	-1.0	1.0	0.5920888719569	0.9211872356630265
1	26	0.299329932993299	-1.0	1.0	0.756723064502614	0.9396663448855126
1	27	-0.366736673667367	-1.0	0.949394939493949	0.616140224884008	0.9282112478772069
1	31	-1.0	-1.0	-0.0501050105010501	0.0430788260386158	0.8566532263679028
1	34	-0.809380938093809	-1.0	0.542354235423542	0.323098724547341	0.8641546262409595
1	35	-0.442544254425443	-1.0	0.524552455245525	0.398067615598079	0.8641546262409595
1	39	-1.0	-1.0	0.28992899289929	0.0995623508538333	0.8641546262409595
1	40	-1.0	-1.0	0.652365236523653	0.184296672229613	0.8641546262409595
1	46	0.815181518151815	-0.067906790679068	1.0	0.0689436673035675	0.8641546262409595
1	52	-1.0	-1.0	0.370937093709371	0.138453190381347	0.8641546262409595
1	57	-1.0	-1.0	0.586758675867587	0.138172376199044	0.8641546262409595
1	59	-0.166116611661166	-0.953595359535954	0.71057105710571	0.743161946312352	0.9396663448855126
1	61	-1.0	-1.0	0.714571457145715	0.183491041779374	0.8641546262409595
1	73	1.0	-0.821782178217822	1.0	0.211997598612899	0.8641546262409595
1	74	0.0049004900490049	-1.0	1.0	0.995072481956237	0.9978182971306732
1	76	-0.760976097609761	-1.0	0.203520352035203	0.118096094055364	0.8641546262409595
1	77	-0.487548754875488	-1.0	0.728572857285729	0.419088536893153	0.8683808689979131
1	80	-0.482348234823482	-1.0	1.0	0.68727453297411	0.932788653856541
1	83	1.0	-0.783778377837784	1.0	0.175209348697058	0.8641546262409595
1	86	1.0	-1.0	1.0	0.406915340251356	0.8675056771360729
1	87	-1.0	-1.0	-0.158715871587159	0.0287072498956685	0.7400091084216769
1	90	0.0399039903990399	-0.656765676567657	0.72057205720572	0.929002724762783	0.9776943129270209
1	92	-0.42014201420142	-1.0	1.0	0.853817391951045	0.9600273098512557
1	97	-0.254525452545255	-1.0	1.0	0.825083868002797	0.9531379124546177
1	99	0.547954795479548	-0.593559355935594	1.0	0.40906022736686	0.8675056771360729
1	108	0.0149014901490149	-1.0	1.0	0.988306586086194	0.9955498252933948
1	109	1.0	-1.0	1.0	0.662176949802883	0.932788653856541
1	113	0.0317031703170316	-0.68996899689969	0.775977597759776	0.940178778747287	0.9776943129270209
1	116	-1.0	-1.0	1.0	0.42420904520013	0.8683808689979131
1	119	-0.272927292729273	-1.0	0.737373737373737	0.606367355741822	0.9282112478772069
1	121	0.149314931493149	-1.0	1.0	0.841664454574063	0.9542568112607321
1	126	-0.967596759675968	-1.0	1.0	0.508098816597695	0.9103256878778949
1	128	-0.501950195019502	-1.0	1.0	0.526791472043682	0.9113618505388282
1	129	-0.0051005100510051	-0.777577757775778	0.755575557555755	0.990782023960091	0.9955498252933948
1	133	-1.0	-1.0	1.0	0.465589269967455	0.8907899279023804
1	137	0.346734673467347	-1.0	1.0	0.740255663605681	0.9396663448855126
1	138	-0.0497049704970497	-1.0	1.0	0.971917944223376	0.9880207263937035
1	139	-0.484148414841484	-1.0	0.536153615361536	0.368004752883929	0.8641546262409595
1	154	-0.695369536953695	-1.0	0.691369136913691	0.344464323696391	0.8641546262409595
1	156	-0.258525852585259	-1.0	0.836383638363837	0.644613773836908	0.9288844442867246
1	158	-0.927792779277928	-1.0	1.0	0.420170670165015	0.8683808689979131
1	161	-1.0	-1.0	0.985998599859986	0.259391159998004	0.8641546262409595
1	173	-0.511551155115512	-1.0	1.0	0.592948105714132	0.9211872356630265
1	176	-0.494349434943494	-1.0	0.436343634363437	0.299851326894729	0.8641546262409595
1	181	-1.0	-1.0	1.0	0.330010040724698	0.8641546262409595
1	184	-0.541954195419542	-1.0	1.0	0.548650309447944	0.9113618505388282
1	197	0.9001900190019	-1.0	1.0	0.768315735445976	0.9396663448855126
1	198	-1.0	-1.0	0.307930793079308	0.108813752189513	0.8641546262409595
1	199	1.0	-0.46954695469547	1.0	0.147128859838799	0.8641546262409595
2	2	0.274927492749275	-0.792979297929793	1.0	0.632263199746774	0.9287963589674771
2	6	-1.0	-1.0	1.0	0.330002756799977	0.8641546262409595
2	9	-1.0	-1.0	-0.276527652765276	0.0174273956298499	0.6432735254627345
2	11	0.573357335733573	-0.551355135513551	1.0	0.325079932121674	0.8641546262409595
2	16	-0.488748874887489	-1.0	0.627562756275628	0.398554073309408	0.8641546262409595
2	18	0.0697069706970697	-1.0	1.0	0.956733617406533	0.9864986632814028
2	19	0.591559155915591	-1.0	1.0	0.429917836156825	0.8704644069511711
2	21	0.187118711871187	-1.0	1.0	0.86851303218049	0.961025549121814
2	22	0.392339233923392	-1.0	1.0	0.650155548023933	0.932788653856541
2	27	-0.75957595759576	-1.0	0.286528652865286	0.141964950120205	0.8641546262409595
2	31	-0.0891089108910892	-1.0	1.0	0.958628078037957	0.9869898554947014
2	34	-1.0	-1.0	1.0	0.592125656262475	0.9211872356630265
2	39	0.702570257025703	-1.0	1.0	0.556562644119202	0.9172029493062674
2	40	1.0	-1.0	1.0	0.626298634359927	0.9287963589674771
2	42	-0.533553355335534	-1.0	0.737773777377738	0.401491598922897	0.8675056771360729
2	47	-0.504150415041504	-1.0	1.0	0.581256895644378	0.9211872356630265
2	51	-0.687968796879688	-1.0	0.276127612761276	0.157536673437865	0.8641546262409595
2	61	-1.0	-1.0	-0.55015501550155	0.0032116700440429	0.40580837196570857
2	67	-1.0	-1.0	0.677367736773677	0.227133000971989	0.8641546262409595
2	69	1.0	-1.0	1.0	0.470384651075579	0.8907899279023804
2	70	1.0	-0.914191419141914	1.0	0.226538151930717	0.8641546262409595
2	71	-1.0	-1.0	0.507550755075508	0.147152810303291	0.8641546262409595
2	72	-1.0	-1.0	-0.147114711471147	0.0253270330758982	0.6779851931086595
2	75	1.0	-0.41994199419942	1.0	0.144576317890358	0.8641546262409595
2	77	0.722772277227723	-0.561556155615562	1.0	0.303701952717212	0.8641546262409595
2	89	1.0	-0.555355535553555	1.0	0.131373752921366	0.8641546262409595
2	94	-1.0	-1.0	0.546354635463546	0.141665087708825	0.8641546262409595
2	95	0.267126712671267	-1.0	1.0	0.88207437846006	0.964014577358471
2	98	-0.304730473047305	-1.0	1.0	0.680817528539311	0.932788653856541
2	101	-1.0	-1.0	0.754975497549755	0.203828329503693	0.8641546262409595
2	105	-0.721372137213721	-1.0	0.46994699469947	0.235501978143411	0.8641546262409595
2	107	1.0	-1.0	1.0	0.254787130626687	0.8641546262409595
2	113	0.56015601560156	-0.436143614361436	1.0	0.27313886494321	0.8641546262409595
2	115	-1.0	-1.0	1.0	0.231993675229511	0.8641546262409595
2	123	-0.605360536053605	-1.0	1.0	0.513561611603991	0.9103256878778949
2	127	-1.0	-1.0	0.842184218421842	0.312498117110785	0.8641546262409595
2	129	-0.956195619561956	-1.0	0.9003900390039	0.312705586487098	0.8641546262409595
2	134	-1.0	-1.0	0.905390539053905	0.187944746961224	0.8641546262409595
2	136	-1.0	-1.0	0.215521552155216	0.099067889718032	0.8641546262409595
2	139	-1.0	-1.0	1.0	0.390969604380769	0.8641546262409595
2	140	1.0	-1.0	1.0	0.369982612046063	0.8641546262409595
2	145	-0.776777677767777	-1.0	0.687368736873687	0.288909160419018	0.8641546262409595
2	146	-0.546154615461546	-1.0	1.0	0.689663789896431	0.932788653856541
2	153	-1.0	-1.0	1.0	0.56624999320687	0.9172029493062674
2	166	-1.0	-1.0	1.0	0.297953002765106	0.8641546262409595
2	171	-0.349534953495349	-1.0	1.0	0.732885688776724	0.9396663448855126
2	172	-0.767976797679768	-1.0	1.0	0.538306015835733	0.9113618505388282
2	173	-1.0	-1.0	0.0399039903990398	0.056012337618393	0.8641546262409595
2	180	-1.0	-1.0	1.0	0.283385609437179	0.8641546262409595
2	187	-1.0	-1.0	0.83958395839584	0.190729304036445	0.8641546262409595
2	193	-1.0	-1.0	0.668566856685669	0.158290429920558	0.8641546262409595
2	194	-0.0273027302730273	-1.0	1.0	0.966584166919453	0.9880207263937035
2	196	-0.0363036303630362	-1.0	1.0	0.962528881769694	0.9880207263937035
2	204	-0.446344634463446	-0.925192519251925	0.16991699169917	0.156020290605475	0.8641546262409595
2	207	-0.860986098609861	-1.0	1.0	0.482712234501368	0.8959139072345391
2	208	-1.0	-1.0	1.0	0.479161260119088	0.8959139072345391
2	215	-0.828582858285829	-1.0	1.0	0.619316918196378	0.9287963589674771
2	217	-0.762176217621762	-1.0	0.403740374037404	0.202483727919943	0.8641546262409595
2	218	-1.0	-1.0	0.601960196019602	0.180004485787198	0.8641546262409595
3	6	-0.786978697869787	-1.0	1.0	0.732955780910017	0.9396663448855126
3	11	0.33973397339734	-1.0	1.0	0.689190496212345	0.932788653856541
3	15	-0.284128412841284	-1.0	0.968996899689969	0.658407005584255	0.932788653856541
3	16	0.976197619761976	-1.0	1.0	0.599058033341733	0.9226993947971788
3	23	0.152515251525153	-1.0	1.0	0.857752652581014	0.9600714676501836
3	25	-0.455345534553455	-1.0	1.0	0.551948518645428	0.9124849619411353
3	26	0.126912691269127	-1.0	1.0	0.858211125290578	0.9600714676501836
3	28	-0.815181518151815	-1.0	1.0	0.643218168135523	0.9287963589674771
3	30	0.297329732973297	-1.0	1.0	0.768127692675368	0.9396663448855126
3	31	1.0	-1.0	1.0	0.231502436917802	0.8641546262409595
3	34	-0.82018201820182	-1.0	0.726972697269727	0.302116359648291	0.8641546262409595
3	38	0.145714571457146	-1.0	1.0	0.896201136129052	0.9640741742593819
3	44	1.0	-1.0	1.0	0.423016191251583	0.8683808689979131
3	46	-0.192919291929193	-0.943594359435944	0.782178217821782	0.737120110793699	0.9396663448855126
3	49	-0.197319731973197	-1.0	0.843784378437844	0.740106514092978	0.9396663448855126
3	50	-0.734373437343734	-1.0	0.425142514251425	0.208459041294463	0.8641546262409595
3	51	-0.813381338133813	-1.0	1.0	0.589673250945661	0.9211872356630265
3	55	1.0	-1.0	1.0	0.265243679952388	0.8641546262409595
3	56	1.0	-1.0	1.0	0.357982332330345	0.8641546262409595
3	58	-0.0421042104210421	-1.0	1.0	0.973374844409351	0.9880207263937035
3	62	-1.0	-1.0	1.0	0.284065444988471	0.8641546262409595
3	63	-1.0	-1.0	-0.357735773577358	0.0072278606102993	0.47478513358684876
3	67	-1.0	-1.0	0.795779577957796	0.223788172301767	0.8641546262409595
3	75	0.315131513151315	-0.593559355935594	0.973997399739974	0.541268058020696	0.9113618505388282
3	85	0.119311931193119	-1.0	1.0	0.940625508443344	0.9776943129270209
3	86	0.281328132813281	-0.477747774777478	0.806980698069807	0.464321269251658	0.8907899279023804
3	87	1.0	-0.838983898389839	1.0	0.245171458368285	0.8641546262409595
3	99	1.0	-0.501550155015502	1.0	0.126596928412137	0.8641546262409595
3	105	-0.494749474947495	-1.0	1.0	0.72561578266102	0.9396663448855126
3	107	1.0	-0.777377737773777	1.0	0.17589155725209	0.8641546262409595
3	109	-1.0	-1.0	1.0	0.465902658719936	0.8907899279023804
3	110	-0.107710771077108	-1.0	1.0	0.917332849081042	0.973030328798187
3	112	-0.279127912791279	-1.0	0.773377337733773	0.592011664590267	0.9211872356630265
3	118	-0.106310631063106	-1.0	1.0	0.886166042587747	0.964014577358471
3	121	-1.0	-1.0	0.60996099609961	0.152075837173552	0.8641546262409595
3	124	-0.880788078807881	-1.0	0.209120912091209	0.105429108669556	0.8641546262409595
3	131	0.162916291629163	-0.643564356435644	0.874787478747875	0.700931703975533	0.932788653856541
3	132	-1.0	-1.0	1.0	0.272491043648895	0.8641546262409595
3	140	0.594159415941594	-0.411141114111411	1.0	0.241846890992941	0.8641546262409595
3	141	1.0	-1.0	1.0	0.232622930926514	0.8641546262409595
3	143	-1.0	-1.0	1.0	0.76609837282301	0.9396663448855126
3	146	0.227922792279228	-1.0	1.0	0.868255614050958	0.961025549121814
3	151	1.0	0.222122212221222	1.0	0.0235454104093658	0.6690850239996099
3	152	0.555555555555556	-0.597359735973597	1.0	0.343987238084581	0.8641546262409595
3	160	-0.956395639563956	-1.0	0.958795879587959	0.305692821901207	0.8641546262409595
3	161	-0.962596259625963	-1.0	0.92939293929393	0.388288433218718	0.8641546262409595
3	164	0.453945394539454	-1.0	1.0	0.878383843753139	0.964014577358471
3	170	-0.522552255225523	-1.0	0.595359535953595	0.345630328018545	0.8641546262409595
3	173	-0.335133513351335	-1.0	0.790779077907791	0.560838963892344	0.9172029493062674
3	174	-0.330733073307331	-1.0	1.0	0.664853979468804	0.932788653856541
4	4	-0.110511051105111	-1.0	1.0	0.906209090589955	0.9677805682658543
4	10	-0.951595159515952	-1.0	-0.351135113511351	0.004081406039885	0.40580837196570857
4	13	-0.265326532653265	-1.0	1.0	0.783921972581595	0.9396663448855126
4	14	-0.427142714271427	-1.0	1.0	0.583144241560217	0.9211872356630265
4	15	-1.0	-1.0	1.0	0.519251865068282	0.9103256878778949
4	40	-0.59015901590159	-1.0	1.0	0.693816496611263	0.932788653856541
4	42	-1.0	-1.0	-0.428942894289429	0.0034310005823566	0.40580837196570857
4	46	-1.0	-1.0	-0.0331033103310331	0.0456271053344598	0.8641546262409595
4	48	-1.0	-1.0	1.0	0.805326520037968	0.9428709130508459
4	54	-1.0	-1.0	-0.207320732073207	0.0240332264367676	0.6690850239996099
4	62	-1.0	-1.0	0.814381438143814	0.161201909556159	0.8641546262409595
4	68	-1.0	-1.0	1.0	0.397306559462352	0.8641546262409595
4	71	0.212321232123212	-0.994799479947995	1.0	0.753082304714158	0.9396663448855126
4	74	-0.31993199319932	-1.0	0.564556455645565	0.497687341533844	0.9063932317967951
4	78	-0.31953195319532	-1.0	0.88018801880188	0.631813548180468	0.9287963589674771
4	82	0.807780778077808	-1.0	1.0	0.566662741669102	0.9172029493062674
4	83	-0.634163416341634	-1.0	1.0	0.688803773750958	0.932788653856541
4	84	-1.0	-1.0	-0.325532553255326	0.0131751185395605	0.5394048531490652
4	91	-0.008900890089009	-1.0	1.0	0.991258662253337	0.9955498252933948
4	95	-0.466746674667467	-1.0	1.0	0.623352785156773	0.9287963589674771
4	100	-1.0	-1.0	1.0	0.254192607277724	0.8641546262409595
4	103	-0.988798879887989	-1.0	0.761176117611761	0.27754253912801	0.8641546262409595
4	104	0.283528352835284	-1.0	1.0	0.663923351362896	0.932788653856541
4	105	0.264726472647265	-0.815381538153815	1.0	0.639972410420408	0.9287963589674771
4	106	-0.442544254425443	-1.0	1.0	0.86218024347587	0.9600714676501836
4	116	1.0	-0.535753575357536	1.0	0.132234152375694	0.8641546262409595
4	119	-0.46014601460146	-1.0	1.0	0.641472400406491	0.9287963589674771
4	127	1.0	-0.836983698369837	1.0	0.202465783683219	0.8641546262409595
4	132	0.773777377737774	-1.0	1.0	0.48472938623431	0.8972650340932973
4	133	0.71997199719972	-0.613361336133613	1.0	0.354026925516348	0.8641546262409595
4	139	-1.0	-1.0	1.0	0.36657063958042	0.8641546262409595
4	141	-0.0497049704970496	-1.0	1.0	0.956227020574518	0.9864986632814028
4	142	0.606160616061606	-0.725972597259726	1.0	0.373400522910061	0.8641546262409595
4	149	-1.0	-1.0	1.0	0.384742504430982	0.8641546262409595
4	151	-0.201520152015201	-1.0	1.0	0.847415061952474	0.9574689661021459
4	152	0.136513651365137	-1.0	1.0	0.856384184498987	0.9600714676501836
4	158	-0.712771277127713	-1.0	1.0	0.518841513439345	0.9103256878778949
4	159	-0.521552155215522	-1.0	1.0	0.734393406071569	0.9396663448855126
4	160	-1.0	-1.0	1.0	0.413494814672189	0.8675056771360729
4	171	-1.0	-1.0	0.778177817781778	0.219963819578403	0.8641546262409595
4	172	-1.0	-1.0	0.143114311431143	0.0817645888322942	0.8641546262409595
4	177	0.291729172917292	-1.0	1.0	0.886450186076755	0.964014577358471
5	6	-0.75997599759976	-1.0	1.0	0.698476369941196	0.932788653856541
5	10	-0.855985598559856	-1.0	1.0	0.462955301722923	0.8907899279023804
5	11	-1.0	-1.0	1.0	0.632754553362263	0.9287963589674771
5	13	-1.0	-1.0	1.0	0.294250177375053	0.8641546262409595
5	17	1.0	-1.0	1.0	0.664523114005774	0.932788653856541
5	25	0.2999299929993	-1.0	1.0	0.798687340613905	0.9428709130508459
5	30	-0.915791579157916	-1.0	1.0	0.368170609061148	0.8641546262409595
5	35	-0.647364736473647	-1.0	0.547554755475548	0.282114479489846	0.8641546262409595
5	36	1.0	-0.378137813781378	1.0	0.107352154996377	0.8641546262409595
5	40	0.515151515151515	-1.0	1.0	0.703958094511713	0.9332473024383852
5	47	-1.0	-1.0	1.0	0.470098157676792	0.8907899279023804
5	48	0.122712271227123	-0.691569156915692	1.0	0.794278519546352	0.9417680572474634
5	53	-1.0	-1.0	0.298529852985298	0.0922281304316951	0.8641546262409595
5	58	0.325932593259326	-1.0	1.0	0.752335625580316	0.9396663448855126
5	59	0.0895089508950894	-0.845784578457846	1.0	0.87297242085571	0.9628982645254742
5	61	-0.292529252925293	-1.0	0.927592759275928	0.63437118307345	0.9287963589674771
5	77	-0.354135413541354	-1.0	1.0	0.787359614297032	0.9396663448855126
5	78	-1.0	-1.0	0.221722172217222	0.0878846721880654	0.8641546262409595
5	80	1.0	-1.0	1.0	0.33745416334038	0.8641546262409595
5	81	-1.0	-1.0	0.438743874387439	0.12420225451006	0.8641546262409595
5	82	-0.218721872187219	-1.0	1.0	0.779846395696005	0.9396663448855126
5	93	-0.148714871487149	-1.0	1.0	0.929101934631868	0.9776943129270209
5	95	0.152315231523152	-1.0	1.0	0.890971531027788	0.9640741742593819
5	98	-1.0	-1.0	1.0	0.334652582199591	0.8641546262409595
5	102	-1.0	-1.0	0.587758775877588	0.167982813659574	0.8641546262409595
5	103	-0.815381538153815	-1.0	1.0	0.410225582222211	0.8675056771360729
5	105	-1.0	-1.0	-0.0517051705170518	0.0422676724736087	0.8566532263679028
5	107	0.518151815181518	-0.946794679467947	1.0	0.499471840144196	0.9063932317967951
5	109	0.455945594559456	-1.0	1.0	0.690330957735246	0.932788653856541
5	110	0.199319931993199	-1.0	1.0	0.907989527410349	0.9677805682658543
5	111	-1.0	-1.0	0.415941594159416	0.130926541137733	0.8641546262409595
5	112	-0.494349434943494	-1.0	0.644364436443644	0.408545326444167	0.8675056771360729
5	113	-0.622562256225623	-1.0	0.422142214221422	0.21389602242213	0.8641546262409595
5	115	-0.539353935393539	-1.0	1.0	0.597730746216944	0.9226993947971788
5	122	-1.0	-1.0	1.0	0.29058389243331	0.8641546262409595
5	123	-0.465746574657466	-1.0	1.0	0.700243277583241	0.932788653856541
5	124	0.813181318131813	-1.0	1.0	0.447162779769795	0.8841627690902765
5	133	-0.393539353935394	-1.0	0.576957695769577	0.430229534470119	0.8704644069511711
5	137	-0.734973497349735	-1.0	0.605960596059606	0.270854485236401	0.8641546262409595
5	145	-1.0	-1.0	1.0	0.237887324974719	0.8641546262409595
6	1	-0.518151815181518	-1.0	0.314931493149315	0.217283273772256	0.8641546262409595
6	2	-1.0	-1.0	-0.557755775577558	0.0012853622481592	0.3006870587636944
6	8	1.0	-1.0	1.0	0.75999490639553	0.9396663448855126
6	16	1.0	-1.0	1.0	0.480585638061085	0.8959139072345391
6	30	0.486948694869487	-1.0	1.0	0.782405852057535	0.9396663448855126
6	31	-0.606560656065606	-1.0	0.276327632763276	0.179884180377192	0.8641546262409595
6	33	0.757775777577758	-0.743374337433743	1.0	0.353453949905147	0.8641546262409595
6	35	-1.0	-1.0	1.0	0.32019198363802	0.8641546262409595
6	36	0.958395839583959	-1.0	1.0	0.386034357850234	0.8641546262409595
6	37	0.171517151715171	-0.788378837883788	1.0	0.733454988948949	0.9396663448855126
6	39	-1.0	-1.0	0.817181718171817	0.229540601422204	0.8641546262409595
6	40	1.0	-1.0	1.0	0.302009463331758	0.8641546262409595
6	41	-1.0	-1.0	0.403540354035404	0.130168353712642	0.8641546262409595
6	43	-1.0	-1.0	-0.548554855485548	0.0012960649084642	0.3006870587636944
6	44	-0.747774777477748	-1.0	0.185318531853185	0.110379819911814	0.8641546262409595
6	45	-1.0	-1.0	0.0365036503650365	0.0564860386722868	0.8641546262409595
6	46	-1.0	-1.0	1.0	0.27617600602279	0.8641546262409595
6	49	-1.0	-1.0	1.0	0.686307720854415	0.932788653856541
6	50	-0.354335433543354	-1.0	1.0	0.718836115052015	0.9396663448855126
6	56	-0.358735873587359	-1.0	1.0	0.691506809389283	0.932788653856541
6	57	1.0	-1.0	1.0	0.195138209760422	0.8641546262409595
6	61	-0.856585658565857	-1.0	0.980998099809981	0.338902587352023	0.8641546262409595
6	63	1.0	-0.0919091909190918	1.0	0.0655078219183858	0.8641546262409595
6	64	-0.12971297129713	-1.0	1.0	0.872340230583704	0.9628982645254742
6	65	0.323732373237324	-1.0	1.0	0.71706919731404	0.9396663448855126
6	70	1.0	-0.6997699769977	1.0	0.245721667998269	0.8641546262409595
6	73	1.0	-1.0	1.0	0.33245820049487	0.8641546262409595
6	75	-1.0	-1.0	1.0	0.438781076425724	0.878369606143534
6	76	-1.0	-1.0	0.72037203720372	0.158895446027362	0.8641546262409595
6	80	-0.414341434143414	-1.0	1.0	0.700832903903274	0.932788653856541
6	81	-0.0577057705770576	-1.0	1.0	0.955994832216931	0.9864986632814028
6	83	-0.14011401140114	-1.0	0.865186518651865	0.835717090101569	0.9535394995257246
6	85	0.322132213221322	-1.0	1.0	0.700030704873846	0.932788653856541
6	97	-0.515551555155516	-1.0	1.0	0.760836474327765	0.9396663448855126
6	103	-1.0	-1.0	1.0	0.573665752947645	0.9211872356630265
6	117	-1.0	-1.0	0.635363536353635	0.173287225750435	0.8641546262409595
6	118	0.689568956895689	-0.890789078907891	1.0	0.394102563741167	0.8641546262409595
6	120	1.0	-1.0	1.0	0.39006701863671	0.8641546262409595
6	130	-1.0	-1.0	1.0	0.514181945728966	0.9103256878778949
6	133	1.0	-0.746174617461746	1.0	0.241313403340879	0.8641546262409595
6	134	-0.443944394439444	-1.0	1.0	0.839941705901619	0.9542568112607321
6	141	-0.154315431543154	-0.891189118911891	0.912991299129913	0.780529958690577	0.9396663448855126
6	146	-0.592759275927593	-1.0	0.643964396439644	0.368547656837256	0.8641546262409595
6	147	0.818581858185819	-0.884188418841884	1.0	0.381215954091943	0.8641546262409595
6	152	-1.0	-1.0	0.542154215421542	0.162032877668403	0.8641546262409595
7	3	-0.631363136313631	-1.0	0.605160516051605	0.314985652217539	0.8641546262409595
7	12	-0.620762076207621	-1.0	0.471547154715471	0.265974549385364	0.8641546262409595
7	15	-0.154315431543154	-1.0	1.0	0.892989376924794	0.9640741742593819
7	22	-1.0	-1.0	0.911191119111911	0.308130992341167	0.8641546262409595
7	25	1.0	-0.932593259325933	1.0	0.226381080518439	0.8641546262409595
7	26	-0.556555655565557	-1.0	1.0	0.508593484735578	0.9103256878778949
7	32	-0.712371237123712	-1.0	1.0	0.501432453399292	0.9064856819893694
7	37	0.601960196019602	-1.0	1.0	0.560018475017175	0.9172029493062674
7	38	-0.519151915191519	-1.0	0.946194619461946	0.493688494315737	0.9056213127049796
7	40	-0.464946494649465	-1.0	0.637163716371637	0.403393596319833	0.8675056771360729
7	43	0.436943694369437	-0.701970197019702	1.0	0.507604781704457	0.9103256878778949
7	49	-0.451945194519452	-1.0	1.0	0.787300234254391	0.9396663448855126
7	50	-0.338733873387339	-1.0	0.506150615061506	0.442795954262306	0.8819131722047044
7	53	-0.448144814481448	-1.0	0.800780078007801	0.513899008983024	0.9103256878778949
7	63	-0.478747874787479	-1.0	0.863586358635864	0.613463273694556	0.9282112478772069
7	70	1.0	-1.0	1.0	0.423268025679013	0.8683808689979131
7	74	-0.405540554055406	-1.0	0.523752375237524	0.436054394909455	0.8771498810895396
7	75	-0.627962796279628	-1.0	0.717371737173717	0.387664019734973	0.8641546262409595
7	86	-1.0	-1.0	0.567356735673567	0.181017015335246	0.8641546262409595
7	93	-0.114711471147115	-0.82018201820182	0.696769676967697	0.804219447518949	0.9428709130508459
7	94	-0.73957395739574	-1.0	1.0	0.422316610514124	0.8683808689979131
7	97	-1.0	-1.0	0.436143614361436	0.165920834439436	0.8641546262409595
7	101	-1.0	-1.0	0.605160516051605	0.152523758248972	0.8641546262409595
7	105	-1.0	-1.0	1.0	0.540518389092067	0.9113618505388282
7	106	-0.894189418941894	-1.0	-0.15971597159716	0.0206195230110739	0.6690850239996099
7	107	-1.0	-1.0	1.0	0.537013971393054	0.9113618505388282
7	114	-0.418141814181418	-1.0	0.838783878387839	0.531900626939433	0.9113618505388282
7	124	-0.71037103710371	-1.0	1.0	0.724605351977359	0.9396663448855126
7	126	-0.776977697769777	-1.0	1.0	0.468996148455206	0.8907899279023804
7	128	-1.0	-1.0	0.255725572557256	0.0876375567790365	0.8641546262409595
8	8	1.0	-1.0	1.0	0.750539358253327	0.9396663448855126
8	13	0.0461046104610461	-1.0	1.0	0.942016750672166	0.9776943129270209
8	19	-0.652565256525653	-1.0	0.987398739873988	0.455293435350403	0.8906197056365627
8	20	1.0	-1.0	1.0	0.461181650167608	0.8907899279023804
8	29	0.266126612661266	-1.0	1.0	0.881877194507063	0.964014577358471
8	30	1.0	-0.365136513651365	1.0	0.130872427249293	0.8641546262409595
8	32	-0.674567456745675	-1.0	1.0	0.586560084616353	0.9211872356630265
8	41	-1.0	-1.0	1.0	0.212817696860986	0.8641546262409595
8	43	-0.879187918791879	-1.0	1.0	0.618327493913623	0.9287963589674771
8	59	-1.0	-1.0	0.0477047704770476	0.0582640926656477	0.8641546262409595
8	60	-1.0	-1.0	1.0	0.271027539901515	0.8641546262409595
8	62	-0.609160916091609	-1.0	0.840984098409841	0.473974594774613	0.8909150534520264
8	78	-0.0325032503250324	-1.0	1.0	0.985449044327956	0.9954608633559613
8	79	1.0	-0.864386438643864	1.0	0.347864522200723	0.8641546262409595
8	82	1.0	-0.306530653065306	1.0	0.103544279661304	0.8641546262409595
8	83	1.0	-0.98959895989599	1.0	0.298806339928354	0.8641546262409595
8	84	-0.715571557155716	-1.0	0.813781378137814	0.367019212600196	0.8641546262409595
8	95	-1.0	-1.0	1.0	0.303650707707806	0.8641546262409595
8	101	-1.0	-1.0	1.0	0.445956244945383	0.8841627690902765
8	104	-1.0	-1.0	1.0	0.408546555863795	0.8675056771360729
8	105	-0.826782678267827	-1.0	-0.0729072907290728	0.0331772545221188	0.7962541085308513
8	106	-0.812981298129813	-1.0	0.874787478747875	0.377828505820644	0.8641546262409595
8	111	1.0	-1.0	1.0	0.371717277645604	0.8641546262409595
8	115	-0.321732173217322	-1.0	0.544754475447545	0.511576432200565	0.9103256878778949
8	118	-0.028102810281028	-1.0	1.0	0.973019712927307	0.9880207263937035
8	119	-1.0	-1.0	-0.373137313731373	0.0075000845806074	0.47478513358684876
8	120	0.577557755775577	-0.596359635963596	1.0	0.337358532644111	0.8641546262409595
8	124	-0.155715571557156	-1.0	1.0	0.887980346639338	0.9640741742593819
8	127	-1.0	-1.0	0.741774177417742	0.186288330673315	0.8641546262409595
8	129	-1.0	-1.0	1.0	0.789957096195779	0.9396663448855126
8	131	-1.0	-1.0	1.0	0.754928638925698	0.9396663448855126
8	133	-0.103910391039104	-1.0	1.0	0.941496182373367	0.9776943129270209
8	134	-1.0	-1.0	1.0	0.336093602316332	0.8641546262409595
9	7	-1.0	-1.0	1.0	0.538366206716728	0.9113618505388282
9	11	1.0	-0.724372437243724	1.0	0.179729437194012	0.8641546262409595
9	18	-0.657765776577658	-1.0	1.0	0.470992375672523	0.8907899279023804
9	19	-0.064106410641064	-0.927992799279928	0.960996099609961	0.90691339916235	0.9677805682658543
9	20	-1.0	-1.0	1.0	0.806547427268164	0.9428709130508459
9	23	-1.0	-1.0	1.0	0.584971795813362	0.9211872356630265
9	25	1.0	-0.798579857985799	1.0	0.209489841310761	0.8641546262409595
9	29	-0.724572457245725	-0.957795779577958	-0.315531553155316	0.0012281711544635	0.3006870587636944
9	34	-1.0	-1.0	0.837383738373838	0.216640870599639	0.8641546262409595
9	39	-0.397739773977398	-1.0	1.0	0.683571169235144	0.932788653856541
9	47	-0.946594659465947	-1.0	0.164716471647165	0.0903848488347464	0.8641546262409595
9	51	-0.802180218021802	-1.0	-0.234323432343234	0.0079305467958326	0.47478513358684876
9	52	0.726972697269727	-1.0	1.0	0.61289993011837	0.9282112478772069
9	59	-0.87998799879988	-1.0	0.842384238423842	0.311347508617143	0.8641546262409595
9	62	0.282528252825282	-1.0	1.0	0.886039283488983	0.964014577358471
9	71	-0.934993499349935	-1.0	0.15051505150515	0.0873714302642972	0.8641546262409595
9	73	0.254525452545254	-1.0	1.0	0.754275046324013	0.9396663448855126
9	74	-0.506350635063506	-1.0	0.394739473947395	0.26253804494791	0.8641546262409595
9	78	0.0441044104410441	-1.0	1.0	0.981600264332564	0.9930142208945705
9	79	-0.651565156515652	-0.942394239423943	-0.196319631963196	0.0068801765735842	0.47478513358684876
9	82	-1.0	-1.0	0.863186318631863	0.282107573705149	0.8641546262409595
9	87	1.0	-1.0	1.0	0.292010796364857	0.8641546262409595
9	94	0.452745274527453	-1.0	1.0	0.690814064627823	0.932788653856541
9	96	0.752575257525752	-1.0	1.0	0.599224319609662	0.9226993947971788
9	98	-0.518751875187519	-1.0	0.712371237123712	0.439184803071767	0.878369606143534
9	100	-1.0	-1.0	-0.111111111111111	0.0347891655697559	0.8071086412183368
9	101	-0.918991899189919	-1.0	0.179317931793179	0.0967772976178244	0.8641546262409595
9	102	0.131313131313131	-0.935393539353935	0.881588158815881	0.810110353454606	0.9428709130508459
9	105	-1.0	-1.0	1.0	0.339513178203407	0.8641546262409595
9	106	-1.0	-1.0	0.287928792879288	0.0956888994506017	0.8641546262409595
9	107	-0.394339433943394	-0.911391139113911	0.2999299929993	0.264760612514261	0.8641546262409595
10	13	-1.0	-1.0	-0.215921592159216	0.0175606278502758	0.6432735254627345
10	18	1.0	-1.0	1.0	0.280899737260996	0.8641546262409595
10	22	-0.392139213921392	-1.0	1.0	0.629085776744759	0.9287963589674771
10	26	0.0445044504450445	-1.0	1.0	0.95177030126785	0.9857620977417018
10	28	0.642764276427643	-0.828382838283828	1.0	0.387081910490419	0.8641546262409595
10	29	0.077907790779078	-0.733773377337734	1.0	0.885872150686162	0.964014577358471
10	31	0.577757775777578	-1.0	1.0	0.894597091530998	0.9640741742593819
10	33	-1.0	-1.0	0.431943194319432	0.174762726746784	0.8641546262409595
10	36	0.667766776677668	-1.0	1.0	0.679559444316317	0.932788653856541
10	39	-0.961596159615962	-1.0	0.206120612061206	0.0956554653107023	0.8641546262409595
10	46	-0.0103010301030104	-1.0	1.0	0.996384650152037	0.9978182971306732
10	57	0.0815081508150815	-0.492349234923492	0.603360336033603	0.790190694369121	0.9396663448855126
10	63	-1.0	-1.0	1.0	0.641954484514905	0.9287963589674771
10	69	0.067106710671067	-1.0	1.0	0.936155074388209	0.9776943129270209
10	71	0.87038703870387	-0.818381838183818	1.0	0.2721023978467	0.8641546262409595
10	72	0.381338133813381	-0.54015401540154	0.890989098909891	0.372674353065542	0.8641546262409595
10	75	-0.428942894289429	-1.0	0.881788178817882	0.542057032407513	0.9113618505388282
10	76	-1.0	-1.0	0.571957195719572	0.164918333791816	0.8641546262409595
10	83	-1.0	-1.0	0.108310831083108	0.0727718263705439	0.8641546262409595
10	84	-1.0	-1.0	0.302330233023302	0.100307418299404	0.8641546262409595
10	89	0.185718571857186	-1.0	1.0	0.804535469050506	0.9428709130508459
10	90	0.400740074007401	-1.0	1.0	0.66335975610539	0.932788653856541
10	92	0.225922592259226	-1.0	1.0	0.833748107840896	0.9535394995257246
10	93	1.0	-1.0	1.0	0.636839545759444	0.9287963589674771
10	94	0.266926692669267	-1.0	1.0	0.773337748500804	0.9396663448855126
10	95	-0.576557655765576	-1.0	0.723772377237724	0.39714881069739	0.8641546262409595
10	96	-0.118311831183118	-1.0	0.834383438343834	0.841115801724394	0.9542568112607321
10	97	1.0	-1.0	1.0	0.776752322930904	0.9396663448855126
10	98	0.67976797679768	-1.0	1.0	0.683711048736199	0.932788653856541
10	101	-0.448944894489449	-1.0	1.0	0.708199513047954	0.9353071367768045
10	103	-0.751175117511751	-1.0	1.0	0.604295600707702	0.9282112478772069
10	104	-1.0	-1.0	1.0	0.359564021343274	0.8641546262409595
10	106	1.0	-1.0	1.0	0.215061109267178	0.8641546262409595
10	107	-0.562956295629563	-1.0	0.291329132913291	0.196758126652872	0.8641546262409595
10	110	1.0	-0.999799979998	1.0	0.32821438785851	0.8641546262409595
10	113	-0.797779777977798	-1.0	1.0	0.428712231218239	0.8704644069511711
10	114	0.295529552955295	-0.584558455845585	1.0	0.560646877269413	0.9172029493062674
10	119	0.638563856385639	-1.0	1.0	0.653396653605494	0.932788653856541
10	124	-1.0	-1.0	0.917591759175918	0.191825318969651	0.8641546262409595
11	1	-1.0	-1.0	1.0	0.369116111116816	0.8641546262409595
11	2	-1.0	-1.0	0.54995499549955	0.180008372400739	0.8641546262409595
11	10	-1.0	-1.0	0.906390639063906	0.266679963351894	0.8641546262409595
11	11	-1.0	-1.0	1.0	0.262792113619983	0.8641546262409595
11	12	0.103510351035104	-1.0	1.0	0.931830347279233	0.9776943129270209
11	13	-1.0	-1.0	1.0	0.287861592955979	0.8641546262409595
11	15	0.223722372237224	-1.0	1.0	0.750547404048402	0.9396663448855126
11	17	-1.0	-1.0	0.395139513951395	0.145954246643074	0.8641546262409595
11	20	-1.0	-1.0	1.0	0.254815319135618	0.8641546262409595
11	29	-1.0	-1.0	0.34033403340334	0.129990356720355	0.8641546262409595
11	31	-0.927992799279928	-1.0	0.574557455745575	0.254037104602898	0.8641546262409595
11	32	0.198719871987199	-1.0	1.0	0.863018198603876	0.9600714676501836
11	34	-1.0	-1.0	0.466146614661466	0.12893268764255	0.8641546262409595
11	36	0.802780278027803	0.0877087708770877	1.0	0.0304396136054683	0.7566418239073549
11	37	-0.179117911791179	-1.0	1.0	0.809004243792178	0.9428709130508459
11	49	-1.0	-1.0	0.304530453045305	0.108964856973992	0.8641546262409595
11	53	-0.933193319331933	-1.0	0.368136813681368	0.153917997575719	0.8641546262409595
11	58	-1.0	-1.0	0.122712271227123	0.0673565393176366	0.8641546262409595
11	59	-1.0	-1.0	0.561956195619562	0.132035202188421	0.8641546262409595
11	63	-1.0	-1.0	1.0	0.641453371188471	0.9287963589674771
11	65	0.0053005300530054	-0.817781778177818	0.75037503750375	0.991118727281341	0.9955498252933948
11	67	1.0	-1.0	1.0	0.341415281810353	0.8641546262409595
11	75	1.0	-0.781378137813781	1.0	0.235423292103876	0.8641546262409595
11	76	-0.927792779277928	-1.0	0.515151515151515	0.196590998980515	0.8641546262409595
11	83	-0.133513351335133	-0.643564356435644	0.444344434443444	0.66668989376195	0.932788653856541
11	84	0.0013001300130013	-1.0	1.0	0.998907007978572	0.998907007978572
11	86	-1.0	-1.0	0.306930693069307	0.115756151999158	0.8641546262409595
11	90	1.0	-0.756575657565757	1.0	0.184867509875283	0.8641546262409595
11	92	-1.0	-1.0	0.902390239023902	0.282038827466397	0.8641546262409595
11	94	-0.302930293029303	-1.0	1.0	0.784796324857676	0.9396663448855126
11	99	0.602960296029603	-1.0	1.0	0.729967121251163	0.9396663448855126
11	101	-0.329132913291329	-1.0	0.697169716971697	0.563547905663094	0.9172029493062674
11	108	0.649164916491649	-0.522752275227523	1.0	0.283960251455619	0.8641546262409595
11	114	-1.0	-1.0	1.0	0.864891968702105	0.9600714676501836
11	116	-0.55975597559756	-1.0	0.298729872987299	0.206971094758484	0.8641546262409595
11	119	0.24972497249725	-1.0	1.0	0.753441659645332	0.9396663448855126
11	124	-0.11051105110511	-0.814381438143814	0.559155915591559	0.768920636324551	0.9396663448855126
11	125	-0.38033803380338	-1.0	1.0	0.784688897010779	0.9396663448855126
11	129	1.0	-0.914791479147915	1.0	0.206111876214507	0.8641546262409595
12	4	0.0341034103410341	-1.0	1.0	0.971867359589297	0.9880207263937035
12	5	-0.848184818481848	-1.0	0.443344334433443	0.217374753297746	0.8641546262409595
12	6	0.303930393039304	-1.0	1.0	0.816546921574026	0.9487757218956963
12	8	-1.0	-1.0	-0.0787078707870788	0.0382330518848737	0.8566532263679028
12	9	-1.0	-1.0	1.0	0.537763671206758	0.9113618505388282
12	12	-0.564156415641564	-1.0	1.0	0.771190078547778	0.9396663448855126
12	15	-0.401340134013401	-1.0	1.0	0.860841811233683	0.9600714676501836
12	19	0.302330233023302	-1.0	1.0	0.766959670142966	0.9396663448855126
12	20	-1.0	-1.0	1.0	0.251824508395019	0.8641546262409595
12	21	0.255125512551255	-1.0	1.0	0.834511241721844	0.9535394995257246
12	27	-0.255325532553255	-0.754975497549755	0.43014301430143	0.450166147921397	0.8875797137487034
12	28	0.282528252825283	-0.977997799779978	1.0	0.703532489851536	0.9332473024383852
12	29	-1.0	-1.0	0.897389738973898	0.614896174854356	0.9282112478772069
12	30	-0.672967296729673	-1.0	0.398139813981398	0.220936004161061	0.8641546262409595
12	42	0.291529152915292	-1.0	1.0	0.92014100997989	0.9732798525015249
12	44	1.0	-0.503750375037504	1.0	0.149263241799381	0.8641546262409595
12	60	0.871787178717872	0.153715371537154	1.0	0.0234143915610369	0.6690850239996099
12	61	-1.0	-1.0	1.0	0.288381247993116	0.8641546262409595
12	67	1.0	-1.0	1.0	0.291238772592388	0.8641546262409595
12	78	-0.747374737473747	-1.0	0.183918391839184	0.108642953036198	0.8641546262409595
12	80	0.434543454345434	-0.881588158815882	1.0	0.66616025481251	0.932788653856541
12	84	0.0811081108110811	-1.0	1.0	0.941549150678535	0.9776943129270209
12	86	-0.694569456945694	-1.0	0.925392539253925	0.389158442740489	0.8641546262409595
12	87	-1.0	-1.0	1.0	0.783699923075295	0.9396663448855126
12	94	-1.0	-1.0	0.438743874387439	0.140906796159429	0.8641546262409595
12	97	0.0675067506750675	-0.727772777277728	1.0	0.891701314496301	0.9640741742593819
12	98	-0.276727672767277	-1.0	0.52995299529953	0.545102129229374	0.9113618505388282
12	101	0.400740074007401	-0.922992299229923	1.0	0.571991350992987	0.9211872356630265
12	105	-1.0	-1.0	-0.0681068106810681	0.0402647447711023	0.8566532263679028
12	107	-1.0	-1.0	1.0	0.335946292438451	0.8641546262409595
12	112	-1.0	-1.0	0.0697069706970697	0.0627414182696577	0.8641546262409595
12	113	-0.839183918391839	-1.0	0.423742374237424	0.184853348544296	0.8641546262409595
12	114	0.599159915991599	-0.455945594559456	1.0	0.262704037776653	0.8641546262409595
13	4	-0.572157215721572	-0.899389938993899	-0.131913191319132	0.0118778252093749	0.5394048531490652
13	9	1.0	-0.0113011301130113	1.0	0.0515323989923205	0.8641546262409595
13	12	0.670967096709671	-1.0	1.0	0.851789967813305	0.959297439479062
13	13	-1.0	-1.0	0.32033203320332	0.111019706964675	0.8641546262409595
13	20	-1.0	-1.0	1.0	0.774725172825785	0.9396663448855126
13	25	0.203720372037204	-0.75037503750375	1.0	0.714988041486435	0.9396663448855126
13	29	-0.324532453245325	-1.0	0.732173217321732	0.579285122078819	0.9211872356630265
13	38	1.0	-1.0	1.0	0.31698152945574	0.8641546262409595
13	40	-0.774577457745774	-1.0	0.625762576257626	0.250750853692759	0.8641546262409595
13	49	1.0	-0.61976197619762	1.0	0.193486761609901	0.8641546262409595
13	50	-0.359335933593359	-1.0	1.0	0.699980700633813	0.932788653856541
13	51	-1.0	-1.0	0.291329132913291	0.111483596661302	0.8641546262409595
13	53	-0.626162616261626	-1.0	0.834383438343834	0.42691305163568	0.8704644069511711
13	54	-1.0	-1.0	0.0175017501750174	0.0531102680725438	0.8641546262409595
13	56	0.399139913991399	-0.761176117611761	1.0	0.516407201869042	0.9103256878778949
13	62	-1.0	-1.0	1.0	0.491526280411242	0.9050325163127632
13	63	-1.0	-1.0	1.0	0.497175270607507	0.9063932317967951
13	71	-1.0	-1.0	1.0	0.61201790245417	0.9282112478772069
13	73	1.0	-1.0	1.0	0.393829616375126	0.8641546262409595
13	78	0.483348334833483	-1.0	1.0	0.682932229833048	0.932788653856541
13	84	-1.0	-1.0	0.189118911891189	0.0822780995963535	0.8641546262409595
13	85	-1.0	-1.0	1.0	0.82875601194859	0.9534118749028407
13	86	-1.0	-1.0	-0.26032603260326	0.0129630522625175	0.5394048531490652
13	87	0.512351235123512	-1.0	1.0	0.765951034336813	0.9396663448855126
14	2	-1.0	-1.0	1.0	0.571452932183084	0.9211872356630265
14	4	0.0275027502750275	-1.0	1.0	0.97382502630184	0.9880207263937035
14	5	1.0	-1.0	1.0	0.666425716348336	0.932788653856541
14	6	-1.0	-1.0	0.770577057705771	0.198959712281217	0.8641546262409595
14	12	-0.510751075107511	-1.0	0.744574457445745	0.413810179323529	0.8675056771360729
14	13	0.0883088308830885	-0.857985798579858	1.0	0.864326519653506	0.9600714676501836
14	14	-0.0933093309330933	-0.86998699869987	0.732173217321732	0.844910035792259	0.9561908697746541
14	15	1.0	-1.0	1.0	0.314897580143325	0.8641546262409595
14	17	1.0	-1.0	1.0	0.39763772899669	0.8641546262409595
14	26	0.977197719771977	-1.0	1.0	0.669810597768746	0.932788653856541
14	28	0.0515051505150515	-1.0	1.0	0.967638333512602	0.9880207263937035
14	33	0.0831083108310831	-0.996399639963996	1.0	0.886396796313458	0.964014577358471
14	35	-0.597359735973597	-1.0	0.634963496349635	0.348803220577432	0.8641546262409595
14	38	-1.0	-1.0	0.136113611361136	0.0697494310831989	0.8641546262409595
14	39	-0.792579257925793	-1.0	-0.192719271927193	0.0124856768490342	0.5394048531490652
14	41	-0.904990499049905	-1.0	1.0	0.598237556226126	0.9226993947971788
14	45	0.687968796879688	-0.122912291229123	1.0	0.0910112990828788	0.8641546262409595
14	47	-1.0	-1.0	1.0	0.300247730407565	0.8641546262409595
14	48	-1.0	-1.0	-0.526752675267527	0.0035850207801519	0.40580837196570857
14	50	-1.0	-1.0	-0.25012501250125	0.018783462948563	0.6536645106099923
14	51	-0.781178117811781	-1.0	0.0903090309030904	0.0729303772127	0.8641546262409595
14	56	-1.0	-1.0	0.824382438243825	0.249006180772609	0.8641546262409595
14	57	0.342534253425343	-0.721972197219722	1.0	0.546809881950405	0.9113618505388282
14	58	-0.0509050905090509	-1.0	1.0	0.933748835111742	0.9776943129270209
14	60	-0.816781678167817	-1.0	0.126712671267127	0.0862170988052277	0.8641546262409595
14	62	-1.0	-1.0	1.0	0.481999479896696	0.8959139072345391
14	63	-0.488948894889489	-1.0	1.0	0.755021406424605	0.9396663448855126
14	65	-0.0333033303330333	-1.0	1.0	0.964914755514445	0.9880207263937035
14	69	-1.0	-1.0	1.0	0.275618296642483	0.8641546262409595
14	73	0.842184218421842	-1.0	1.0	0.614116472109971	0.9282112478772069
14	76	0.46954695469547	-1.0	1.0	0.765806358321061	0.9396663448855126
15	3	0.430743074307431	-1.0	1.0	0.827148418279582	0.9531379124546177
15	8	0.903590359035903	-0.345734573457346	1.0	0.145168706648526	0.8641546262409595
15	11	-0.692369236923692	-1.0	0.143514351435144	0.0973646631924059	0.8641546262409595
15	12	-0.431743174317432	-1.0	0.665966596659666	0.452434063695056	0.8895313794682457
15	14	-0.446144614461446	-1.0	1.0	0.849876810471504	0.9586941006291196
15	17	-1.0	-1.0	0.0797079707970796	0.061521999657117	0.8641546262409595
15	23	0.598959895989599	-1.0	1.0	0.528946893682924	0.9113618505388282
15	24	0.957395739573958	-0.784978497849785	1.0	0.357641402143352	0.8641546262409595
15	25	1.0	-1.0	1.0	0.416191486045281	0.8683808689979131
15	28	0.0773077307730773	-0.858185818581858	0.992399239923992	0.900172951028469	0.9646030271825208
15	31	-1.0	-1.0	0.67036703670367	0.185455404744709	0.8641546262409595
15	32	-0.546154615461546	-1.0	0.911791179117912	0.474462666983794	0.8909150534520264
15	34	-1.0	-1.0	1.0	0.420857949921105	0.8683808689979131
15	35	-1.0	-1.0	0.322532253225322	0.115321815291058	0.8641546262409595
15	37	0.294129412941294	-1.0	1.0	0.726960689649354	0.9396663448855126
15	38	-0.430743074307431	-1.0	0.84998499849985	0.526426735524831	0.9113618505388282
15	39	-0.342734273427343	-1.0	0.505950595059506	0.443490819355814	0.8819131722047044
15	41	0.854385438543854	0.273727372737274	1.0	0.0081859505790836	0.47478513358684876
15	45	-0.385338533853385	-1.0	1.0	0.733323875427	0.9396663448855126
15	47	1.0	-1.0	1.0	0.326392845618363	0.8641546262409595
15	51	-1.0	-1.0	0.766976697669767	0.164115547019058	0.8641546262409595
15	56	-0.698769876987699	-1.0	0.630763076307631	0.345117899027109	0.8641546262409595
15	65	-0.475347534753475	-1.0	0.617361736173617	0.391356269116859	0.8641546262409595
15	66	-0.231523152315232	-1.0	1.0	0.781164379587016	0.9396663448855126
16	1	-0.46014601460146	-1.0	1.0	0.565978593028708	0.9172029493062674
16	5	-0.306330633063306	-1.0	0.83998399839984	0.630745048360369	0.9287963589674771
16	6	-0.417141714171417	-1.0	0.878187818781878	0.540859599391212	0.9113618505388282
16	12	0.174317431743174	-1.0	1.0	0.809815004236723	0.9428709130508459
16	17	-0.862386238623862	-1.0	1.0	0.347385449856488	0.8641546262409595
16	19	1.0	-0.968396839683968	1.0	0.328068312729861	0.8641546262409595
16	20	-1.0	-1.0	1.0	0.383607634056706	0.8641546262409595
16	22	0.501750175017502	-0.863786378637864	1.0	0.487301593926377	0.8996337118640806
16	27	-0.0525052505250526	-1.0	1.0	0.964777926225555	0.9880207263937035
16	29	1.0	-0.684368436843684	1.0	0.169800977166979	0.8641546262409595
16	32	-0.662766276627663	-1.0	0.3001300130013	0.162981307702588	0.8641546262409595
16	33	-1.0	-1.0	1.0	0.366470801472301	0.8641546262409595
16	34	0.10991099109911	-1.0	1.0	0.880084271631411	0.964014577358471
16	42	-0.514151415141514	-1.0	0.840784078407841	0.474898685101583	0.8909150534520264
16	44	0.455545554555456	-1.0	1.0	0.544780060912426	0.9113618505388282
16	51	-0.293329332933293	-0.947594759475948	0.548954895489549	0.527953098456793	0.9113618505388282
16	52	-0.465946594659466	-1.0	1.0	0.76638803854647	0.9396663448855126
16	66	0.281928192819282	-1.0	1.0	0.694333042128768	0.932788653856541
16	69	-0.47974797479748	-1.0	0.805980598059806	0.53855655579028	0.9113618505388282
17	2	-0.296329632963296	-1.0	0.813981398139814	0.612686414532227	0.9282112478772069
17	3	-0.673967396739674	-1.0	0.188118811881188	0.12669201564427	0.8641546262409595
17	5	1.0	-0.858585858585859	1.0	0.383742683864299	0.8641546262409595
17	6	0.494749474947495	-1.0	1.0	0.58588278209166	0.9211872356630265
17	7	-1.0	-1.0	1.0	0.223988485277315	0.8641546262409595
17	10	-0.226722672267227	-1.0	1.0	0.804903077458123	0.9428709130508459
17	11	-0.932993299329933	-1.0	-0.146914691469147	0.0226991877195794	0.6690850239996099
17	24	-1.0	-1.0	0.437543754375438	0.127120424836006	0.8641546262409595
17	25	-1.0	-1.0	0.626562656265627	0.160583762413278	0.8641546262409595
17	27	-0.287328732873287	-1.0	0.992799279927993	0.69437333190803	0.932788653856541
17	30	-1.0	-1.0	0.167116711671167	0.0777281746273727	0.8641546262409595
17	34	-0.770977097709771	-1.0	0.966396639663966	0.469393540642704	0.8907899279023804
17	37	1.0	-1.0	1.0	0.456826486942892	0.8906197056365627
17	39	1.0	-0.328332833283328	1.0	0.108663984192777	0.8641546262409595
17	40	1.0	-1.0	1.0	0.673836398694615	0.932788653856541
17	46	-0.807180718071807	-1.0	-0.0327032703270328	0.0420803167187189	0.8566532263679028
17	48	-0.274327432743274	-1.0	1.0	0.70563776074759	0.9336955921679138
17	49	0.592959295929593	-1.0	1.0	0.607508981964892	0.9282112478772069
17	53	1.0	-1.0	1.0	0.412895851595093	0.8675056771360729
17	56	0.605760576057606	-1.0	1.0	0.535730565090737	0.9113618505388282
17	64	0.993199319931993	-0.329132913291329	1.0	0.131447589670567	0.8641546262409595
18	1	-0.581758175817582	-1.0	0.274927492749275	0.178130468475064	0.8641546262409595
18	12	1.0	-0.723572357235724	1.0	0.197117513852408	0.8641546262409595
18	18	-0.0387038703870387	-1.0	1.0	0.976734707554336	0.9895303587450042
18	24	1.0	-1.0	1.0	0.690185549042778	0.932788653856541
18	25	-0.387338733873387	-1.0	1.0	0.825888774869734	0.9531379124546177
18	30	1.0	-0.63996399639964	1.0	0.163330691916611	0.8641546262409595
18	33	0.816381638163816	-1.0	1.0	0.551372375693215	0.9124849619411353
18	35	-0.404340434043404	-1.0	1.0	0.900850528259538	0.9646030271825208
18	36	-1.0	-1.0	1.0	0.543732806954806	0.9113618505388282
18	37	-0.707170717071707	-1.0	0.399339933993399	0.206824892589328	0.8641546262409595
18	38	-0.471947194719472	-1.0	0.717971797179718	0.494448417856167	0.9056213127049796
18	44	-0.333533353335334	-1.0	0.683968396839684	0.565189933612011	0.9172029493062674
18	45	-1.0	-1.0	1.0	0.330242980476006	0.8641546262409595
18	51	1.0	-1.0	1.0	0.456042631545484	0.8906197056365627
18	54	-1.0	-1.0	1.0	0.258684866977793	0.8641546262409595
18	56	-1.0	-1.0	0.797379737973797	0.231013954549559	0.8641546262409595
18	62	-0.635563556355636	-1.0	0.63996399639964	0.318412858166803	0.8641546262409595
18	66	0.619361936193619	-1.0	1.0	0.514194101482721	0.9103256878778949
19	2	-0.652565256525653	-1.0	0.102310231023102	0.0880828743572822	0.8641546262409595
19	3	1.0	-0.558355835583558	1.0	0.178080876003678	0.8641546262409595
19	11	0.177317731773177	-1.0	1.0	0.897810190745032	0.964314649318738
19	15	-0.089108910891089	-1.0	1.0	0.895454759574493	0.9640741742593819
19	20	0.516351635163516	-0.441344134413441	1.0	0.312718674927709	0.8641546262409595
19	24	-0.178717871787179	-1.0	1.0	0.911808144900433	0.9688831585506892
19	26	1.0	-1.0	1.0	0.591867306872903	0.9211872356630265
19	27	1.0	-1.0	1.0	0.341182479282491	0.8641546262409595
19	32	-0.231323132313231	-1.0	1.0	0.91850707761553	0.973030328798187
19	39	-0.963396339633963	-1.0	1.0	0.635441648776084	0.9287963589674771
19	43	0.498349834983498	-0.995799579957996	1.0	0.57489838494477	0.9211872356630265
19	46	-0.051905190519052	-0.845184518451845	0.723972397239724	0.910771237445631	0.9688831585506892
19	48	-0.344334433443344	-1.0	1.0	0.791155859343262	0.9396663448855126
19	56	-1.0	-1.0	1.0	0.377679902134476	0.8641546262409595
19	59	1.0	-0.311131113111311	1.0	0.102346725052989	0.8641546262409595
19	60	-0.183718371837184	-1.0	1.0	0.7839642058862	0.9396663448855126
20	2	-1.0	-1.0	0.5999599959996	0.157164218789105	0.8641546262409595
20	3	-1.0	-1.0	1.0	0.289975234220508	0.8641546262409595
20	6	0.23972397239724	-0.825382538253825	1.0	0.683762022165187	0.932788653856541
20	8	-0.0983098309830983	-0.946394639463946	0.692769276927693	0.83343436614903	0.9535394995257246
20	9	-0.845584558455846	-1.0	1.0	0.548383664267305	0.9113618505388282
20	12	-1.0	-1.0	1.0	0.385665980354216	0.8641546262409595
20	13	0.562156215621562	-1.0	1.0	0.590729377129582	0.9211872356630265
20	19	-0.202120212021202	-0.883188318831883	0.586358635863586	0.633430244750799	0.9287963589674771
20	20	-1.0	-1.0	0.292929292929293	0.122356793242527	0.8641546262409595
20	21	0.176917691769177	-0.926592659265926	1.0	0.781897024800357	0.9396663448855126
20	22	-0.416941694169417	-1.0	1.0	0.803330039198322	0.9428709130508459
20	29	-1.0	-1.0	0.802980298029803	0.308839250526896	0.8641546262409595
20	35	-0.602560256025603	-1.0	0.1999199919992	0.136983658759393	0.8641546262409595
20	36	1.0	-1.0	1.0	0.832695310883976	0.9535394995257246
20	37	-1.0	-1.0	1.0	0.841830003037485	0.9542568112607321
20	41	-0.210921092109211	-0.915991599159916	0.75997599759976	0.659999288515646	0.932788653856541
20	42	-0.314331433143314	-1.0	0.911791179117912	0.62080607470074	0.9287963589674771
20	43	-1.0	-1.0	1.0	0.357803302995381	0.8641546262409595
20	45	-1.0	-1.0	0.206720672067207	0.0814589010986324	0.8641546262409595
20	48	0.834383438343835	-1.0	1.0	0.500079024439611	0.9063932317967951
20	52	-0.478747874787479	-1.0	1.0	0.64951169986458	0.932788653856541
20	53	-1.0	-1.0	0.381938193819382	0.126151138752744	0.8641546262409595
20	56	-0.816381638163816	-1.0	1.0	0.435595040662261	0.8771498810895396
20	61	-1.0	-1.0	0.94059405940594	0.29537318166865	0.8641546262409595
21	2	-1.0	-1.0	1.0	0.377641807962763	0.8641546262409595
21	4	-0.137313731373137	-1.0	1.0	0.942575982721309	0.9776943129270209
21	6	-0.0639063906390639	-1.0	1.0	0.93655642548797	0.9776943129270209
21	12	-1.0	-1.0	0.220722072207221	0.102061634423439	0.8641546262409595
21	14	0.964596459645964	-1.0	1.0	0.525635500360135	0.9113618505388282
21	23	-0.43014301430143	-1.0	0.834583458345835	0.517291255897472	0.9103256878778949
21	28	-1.0	-1.0	0.841984198419842	0.199958078233573	0.8641546262409595
22	2	-0.732573257325733	-1.0	1.0	0.413289400004271	0.8675056771360729
22	4	-0.948394839483949	-1.0	-0.236523652365236	0.0124523491272727	0.5394048531490652
22	8	-0.847184718471847	-1.0	1.0	0.591055825484477	0.9211872356630265
22	9	-0.26992699269927	-1.0	1.0	0.807310577228802	0.9428709130508459
22	12	-0.829382938293829	-1.0	0.0737073707370738	0.0705819926469326	0.8641546262409595
22	14	-1.0	-1.0	0.778377837783778	0.237802621591972	0.8641546262409595
22	16	-0.138513851385138	-0.80998099809981	0.627162716271627	0.73531076675916	0.9396663448855126
22	18	-0.371137113711371	-1.0	1.0	0.742593528171635	0.9396663448855126
22	21	0.0803080308030802	-0.575157515751575	0.687168716871687	0.823692785607099	0.9531379124546177
22	22	-0.423342334233423	-0.858385838583858	0.243124312431243	0.199363740902129	0.8641546262409595
22	26	-0.993399339933993	-1.0	0.472947294729473	0.163643715518052	0.8641546262409595
22	28	-1.0	-1.0	0.320932093209321	0.112290990132216	0.8641546262409595
22	29	0.0443044304430443	-0.838583858385839	0.906790679067907	0.932129820860704	0.9776943129270209
22	30	1.0	-1.0	1.0	0.390358751253054	0.8641546262409595
22	34	-0.530553055305531	-1.0	1.0	0.698850879834288	0.932788653856541
